{
  "F": {
    "precision": 0.12921890067502412,
    "recall": 0.8375,
    "f1-score": 0.22389306599832914,
    "support": 160.0
  },
  "N": {
    "precision": 0.9906684557209076,
    "recall": 0.9015374368651828,
    "f1-score": 0.9440037195245983,
    "support": 18017.0
  },
  "Q": {
    "precision": 0.0,
    "recall": 0.0,
    "f1-score": 0.0,
    "support": 3.0
  },
  "SVEB": {
    "precision": 0.3440438871473354,
    "recall": 0.789568345323741,
    "f1-score": 0.47925764192139736,
    "support": 556.0
  },
  "VEB": {
    "precision": 0.8110566829951015,
    "recall": 0.8266761768901569,
    "f1-score": 0.8187919463087249,
    "support": 1402.0
  },
  "accuracy": 0.8925911212632833,
  "macro avg": {
    "precision": 0.4549975853076737,
    "recall": 0.6710563918158161,
    "f1-score": 0.4931892747506099,
    "support": 20138.0
  },
  "weighted avg": {
    "precision": 0.9533190218315943,
    "recall": 0.8925911212632833,
    "f1-score": 0.9165930808852693,
    "support": 20138.0
  }
}