{
  "train_loss": [
    0.9871666156038453
  ],
  "val_loss": [
    0.695111645758152
  ],
  "val_acc": [
    0.8925911212632833
  ],
  "val_macro_f1": [
    0.4931892747506099
  ],
  "val_f1_per_class": [
    [
      0.22389306599832914,
      0.9440037195245983,
      0.0,
      0.47925764192139736,
      0.8187919463087249
    ]
  ]
}