{
  "csv": "data/raw/MIT-BIH Arrhythmia Database.csv",
  "seq_len": 32,
  "num_classes": 5,
  "arch": "cnn_bilstm",
  "mlp_hidden": 128,
  "feature_columns": [
    "0_pre-RR",
    "0_post-RR",
    "0_pPeak",
    "0_tPeak",
    "0_rPeak",
    "0_sPeak",
    "0_qPeak",
    "0_qrs_interval",
    "0_pq_interval",
    "0_qt_interval",
    "0_st_interval",
    "0_qrs_morph0",
    "0_qrs_morph1",
    "0_qrs_morph2",
    "0_qrs_morph3",
    "0_qrs_morph4",
    "1_pre-RR",
    "1_post-RR",
    "1_pPeak",
    "1_tPeak",
    "1_rPeak",
    "1_sPeak",
    "1_qPeak",
    "1_qrs_interval",
    "1_pq_interval",
    "1_qt_interval",
    "1_st_interval",
    "1_qrs_morph0",
    "1_qrs_morph1",
    "1_qrs_morph2",
    "1_qrs_morph3",
    "1_qrs_morph4"
  ],
  "label_order": [
    "F",
    "N",
    "Q",
    "SVEB",
    "VEB"
  ],
  "scaler_mean": [
    279.40094747191847,
    278.5882072520335,
    0.04977196928586667,
    0.3722621973312491,
    1.0544846865554423,
    -0.13437554818448946,
    -0.09046576455099908,
    28.326857948733227,
    10.97281728887962,
    59.776092721151265,
    20.47641748353842,
    -0.09046576455099908,
    0.0069819273626557975,
    0.30777318004942855,
    0.5512148792456926,
    0.28799228151566625,
    279.40094747191847,
    278.5882072520335,
    0.030320672040412538,
    0.3622520942736885,
    -0.1254481304234441,
    -0.48434654034549113,
    -0.32135943381397786,
    11.212346929654679,
    10.487163443871724,
    36.11292196764294,
    14.413411594116537,
    -0.32135943381397786,
    -0.3178360945522755,
    -0.30880858509336884,
    -0.2949189936827886,
    -0.36679819441470424
  ],
  "scaler_scale": [
    81.91504604370454,
    81.12456051968157,
    0.16878775655431794,
    0.7398754105403346,
    0.6175051901298921,
    1.027585343876136,
    0.18943536386327098,
    15.027714196246878,
    9.468883267282731,
    40.38585299498441,
    29.66826492368348,
    0.18943536386327098,
    0.26070132034161175,
    0.5500072544246479,
    0.6284798016051537,
    0.5806474973728865,
    81.91504604370454,
    81.12456051968157,
    0.13426203921922114,
    0.38076491168013127,
    0.5987732223146929,
    0.5863735984724104,
    0.44744207206117426,
    12.043036115939357,
    8.79964307620719,
    17.419673491575786,
    9.11882717554332,
    0.44744207206117426,
    0.456946542110493,
    0.5180407105169363,
    0.5934231634477602,
    0.5849101275267174
  ],
  "use_class_weights": true,
  "use_smote": false,
  "seed": 42,
  "device": "cpu"
}