{
  "train_loss": [
    0.9871666156038453,
    0.6093761223026469
  ],
  "val_loss": [
    0.695111645758152,
    0.591079106554389
  ],
  "val_acc": [
    0.8925911212632833,
    0.8359817260899791
  ]
}