{
  "F": {
    "precision": 0.13701236917221693,
    "recall": 0.9,
    "f1-score": 0.23781998348472336,
    "support": 160.0
  },
  "N": {
    "precision": 0.9952106022831649,
    "recall": 0.8419270688793917,
    "f1-score": 0.9121741483508223,
    "support": 18017.0
  },
  "Q": {
    "precision": 0.0,
    "recall": 0.0,
    "f1-score": 0.0,
    "support": 3.0
  },
  "SVEB": {
    "precision": 0.21763683753258037,
    "recall": 0.9010791366906474,
    "f1-score": 0.35059482155353394,
    "support": 556.0
  },
  "VEB": {
    "precision": 0.812702527543746,
    "recall": 0.8944365192582026,
    "f1-score": 0.8516129032258064,
    "support": 1402.0
  },
  "accuracy": 0.8475518919455756,
  "macro avg": {
    "precision": 0.43251246730634163,
    "recall": 0.7074885449656483,
    "f1-score": 0.4704403713229772,
    "support": 20138.0
  },
  "weighted avg": {
    "precision": 0.9540692435042101,
    "recall": 0.8475518919455756,
    "f1-score": 0.886959223324097,
    "support": 20138.0
  }
}