{
  "train_loss": [
    1.045340979778314,
    0.6791493960573703
  ],
  "val_loss": [
    0.7498545750975609,
    0.76957947909832
  ],
  "val_acc": [
    0.7682490813387626,
    0.8475518919455756
  ]
}