{
  "F": {
    "precision": 0.4471299093655589,
    "recall": 0.925,
    "f1-score": 0.6028513238289206,
    "support": 160.0
  },
  "N": {
    "precision": 0.9971234002583069,
    "recall": 0.9427207637231504,
    "f1-score": 0.9691592251290976,
    "support": 18017.0
  },
  "Q": {
    "precision": 0.0,
    "recall": 0.0,
    "f1-score": 0.0,
    "support": 3.0
  },
  "SVEB": {
    "precision": 0.43963363863447125,
    "recall": 0.9496402877697842,
    "f1-score": 0.6010244735344337,
    "support": 556.0
  },
  "VEB": {
    "precision": 0.8718282368249838,
    "recall": 0.9557774607703281,
    "f1-score": 0.9118747873426335,
    "support": 1402.0
  },
  "accuracy": 0.9435395769192572,
  "macro avg": {
    "precision": 0.5511430370166642,
    "recall": 0.7546277024526524,
    "f1-score": 0.616981961967017,
    "support": 20138.0
  },
  "weighted avg": {
    "precision": 0.968490047624481,
    "recall": 0.9435395769192572,
    "f1-score": 0.9519523304252206,
    "support": 20138.0
  }
}