{
  "F": {
    "precision": 0.4169014084507042,
    "recall": 0.925,
    "f1-score": 0.574757281553398,
    "support": 160.0
  },
  "N": {
    "precision": 0.9971683086543567,
    "recall": 0.9381695065771216,
    "f1-score": 0.966769617936399,
    "support": 18017.0
  },
  "Q": {
    "precision": 0.0,
    "recall": 0.0,
    "f1-score": 0.0,
    "support": 3.0
  },
  "SVEB": {
    "precision": 0.42409638554216866,
    "recall": 0.9496402877697842,
    "f1-score": 0.5863409217101611,
    "support": 556.0
  },
  "VEB": {
    "precision": 0.8726912928759895,
    "recall": 0.9436519258202568,
    "f1-score": 0.9067854694996573,
    "support": 1402.0
  },
  "accuracy": 0.9386234978647333,
  "macro avg": {
    "precision": 0.5421714791046438,
    "recall": 0.7512923440334325,
    "f1-score": 0.606930658139923,
    "support": 20138.0
  },
  "weighted avg": {
    "precision": 0.9679211652274924,
    "recall": 0.9386234978647333,
    "f1-score": 0.9488314704597285,
    "support": 20138.0
  }
}