{
  "train_loss": [
    0.8609068614149851,
    0.5641149511412968,
    0.4963843207037638,
    0.4303075180640296,
    0.38725475186393377,
    0.3727028063838444,
    0.34132828707732854,
    0.3139109312541901,
    0.3031937132042552,
    0.28744875430351213
  ],
  "val_loss": [
    0.6595443592795843,
    0.601848768093918,
    0.5551671938428396,
    0.6059810335311708,
    0.5683000299938118,
    0.6337679555710358,
    0.5704115035979054,
    0.6968538936557649,
    0.7389424124473258,
    0.684489253106751
  ],
  "val_acc": [
    0.8260005958883703,
    0.870592908928394,
    0.8779421988280862,
    0.8959678220280067,
    0.927500248286821,
    0.9273016188300724,
    0.9255139537193365,
    0.9222862250471745,
    0.9292382560333697,
    0.9386234978647333
  ],
  "val_macro_f1": [
    0.4473120425987906,
    0.49251691515756707,
    0.5003734124943279,
    0.5216084569341363,
    0.5864084117731713,
    0.589445510510832,
    0.566369186103427,
    0.5627730184411276,
    0.5816262464711167,
    0.606930658139923
  ],
  "val_f1_per_class": [
    [
      0.22580645161290322,
      0.8977515081347877,
      0.0,
      0.31805929919137466,
      0.7949429540548875
    ],
    [
      0.2681359044995409,
      0.9258181386232702,
      0.0,
      0.40822784810126583,
      0.8604026845637583
    ],
    [
      0.277992277992278,
      0.9300301900195347,
      0.0,
      0.4460678985818651,
      0.8477766958779617
    ],
    [
      0.2563208369659983,
      0.9409593014738199,
      0.0,
      0.5266362252663622,
      0.884125920964501
    ],
    [
      0.5404411764705882,
      0.9602530917457578,
      0.0,
      0.5440333507034913,
      0.8873144399460189
    ],
    [
      0.5731225296442688,
      0.9598549598549598,
      0.0,
      0.5252121817274089,
      0.8890378813275226
    ],
    [
      0.37168141592920356,
      0.9588457218558304,
      0.0,
      0.6104890984089569,
      0.8908296943231441
    ],
    [
      0.4117647058823529,
      0.9570941849050066,
      0.0,
      0.5459236326109391,
      0.8990825688073395
    ],
    [
      0.4966442953020134,
      0.9611016876060144,
      0.0,
      0.5515088449531738,
      0.898876404494382
    ],
    [
      0.574757281553398,
      0.966769617936399,
      0.0,
      0.5863409217101611,
      0.9067854694996573
    ]
  ]
}