{
  "F": {
    "precision": 0.13696060037523453,
    "recall": 0.9125,
    "f1-score": 0.23817292006525284,
    "support": 160.0
  },
  "N": {
    "precision": 0.9958863858961802,
    "recall": 0.8465338291613476,
    "f1-score": 0.9151566062642505,
    "support": 18017.0
  },
  "Q": {
    "precision": 0.0,
    "recall": 0.0,
    "f1-score": 0.0,
    "support": 3.0
  },
  "SVEB": {
    "precision": 0.2439143135345667,
    "recall": 0.9010791366906474,
    "f1-score": 0.3839080459770115,
    "support": 556.0
  },
  "VEB": {
    "precision": 0.7819410319410319,
    "recall": 0.9079885877318117,
    "f1-score": 0.8402640264026403,
    "support": 1402.0
  },
  "accuracy": 0.8527162578210349,
  "macro avg": {
    "precision": 0.43174046634940266,
    "recall": 0.7136203107167614,
    "f1-score": 0.47550031974183105,
    "support": 20138.0
  },
  "weighted avg": {
    "precision": 0.9532573441184854,
    "recall": 0.8527162578210349,
    "f1-score": 0.8897600199053114,
    "support": 20138.0
  }
}