{
  "train_loss": [
    1.045340979778314,
    0.6791493960573703,
    0.609026320561578
  ],
  "val_loss": [
    0.7498545750975609,
    0.76957947909832,
    0.6872164621949196
  ],
  "val_acc": [
    0.7682490813387626,
    0.8475518919455756,
    0.8527162578210349
  ],
  "val_macro_f1": [
    0.39634937484244914,
    0.4704403713229772,
    0.47550031974183105
  ],
  "val_f1_per_class": [
    [
      0.1661721068249258,
      0.85881833659121,
      0.0,
      0.2981366459627329,
      0.658619784833377
    ],
    [
      0.23781998348472336,
      0.9121741483508223,
      0.0,
      0.35059482155353394,
      0.8516129032258064
    ],
    [
      0.23817292006525284,
      0.9151566062642505,
      0.0,
      0.3839080459770115,
      0.8402640264026403
    ]
  ]
}