{
  "F": {
    "precision": 0.6311111111111111,
    "recall": 0.8875,
    "f1-score": 0.7376623376623377,
    "support": 160.0
  },
  "N": {
    "precision": 0.9957118850321609,
    "recall": 0.953710384636732,
    "f1-score": 0.9742586607699723,
    "support": 18017.0
  },
  "Q": {
    "precision": 0.005813953488372093,
    "recall": 0.3333333333333333,
    "f1-score": 0.011428571428571429,
    "support": 3.0
  },
  "SVEB": {
    "precision": 0.4509466437177281,
    "recall": 0.9424460431654677,
    "f1-score": 0.610011641443539,
    "support": 556.0
  },
  "VEB": {
    "precision": 0.9349470499243571,
    "recall": 0.8815977175463623,
    "f1-score": 0.9074889867841409,
    "support": 1402.0
  },
  "accuracy": 0.9477604528751614,
  "macro avg": {
    "precision": 0.6037061286547459,
    "recall": 0.7997174957363791,
    "f1-score": 0.6481700396177122,
    "support": 20138.0
  },
  "weighted avg": {
    "precision": 0.9733964817838758,
    "recall": 0.9477604528751614,
    "f1-score": 0.9575302702823927,
    "support": 20138.0
  }
}