{
  "train_loss": [
    0.8128111640612284,
    0.5162783409394915,
    0.4335185704723237,
    0.40737189894157744,
    0.3659039771509549,
    0.36208760000410534,
    0.3034675700087396,
    0.2914966504252146,
    0.2710648183903051,
    0.24392134540137791,
    0.19775032993583452,
    0.20535368385414282,
    0.16911072681938846,
    0.18128119262437972,
    0.1420942272517889
  ],
  "val_loss": [
    0.5283961350782008,
    0.5578394971693619,
    0.44320803484584714,
    0.4383332808560963,
    0.47344269377144077,
    0.34861232198869124,
    0.3184400513013707,
    0.36888266750906085,
    0.3210003339697289,
    0.36818661333262165,
    0.3206930321794522,
    0.3051512396505362,
    0.35241284004495116,
    0.2949084467902968,
    0.2617511467748805
  ],
  "val_acc": [
    0.8491905849637501,
    0.9238256033369748,
    0.9406594497964048,
    0.9232793723309167,
    0.8967126824908134,
    0.8944284437382064,
    0.9254146389909623,
    0.9259112126328335,
    0.9376800079451783,
    0.9477604528751614,
    0.9534213923924918,
    0.9309266064157314,
    0.9242725196146588,
    0.9518820141026915,
    0.9347502234581389
  ],
  "val_macro_f1": [
    0.4685675128698919,
    0.5412620649295812,
    0.5868184732706776,
    0.5456459439770883,
    0.5194410298134692,
    0.5164893541978754,
    0.5977151950721689,
    0.565841498288566,
    0.596363696495857,
    0.6481700396177122,
    0.6192489092084517,
    0.5949807243618933,
    0.5693093643800992,
    0.6171708753481902,
    0.5895735624740244
  ],
  "val_f1_per_class": [
    [
      0.15311004784688995,
      0.9162265962554008,
      0.0,
      0.4513692162417375,
      0.8221317040054311
    ],
    [
      0.28316831683168314,
      0.9623995653790066,
      0.0,
      0.6093457943925233,
      0.8513966480446927
    ],
    [
      0.4896551724137931,
      0.9701038259138103,
      0.0,
      0.5990675990675991,
      0.8752657689581856
    ],
    [
      0.2854330708661417,
      0.9609563123495012,
      0.0,
      0.6121467227901383,
      0.8696936138796604
    ],
    [
      0.35555555555555557,
      0.9470005824111823,
      0.0,
      0.43397745571658614,
      0.8606715553840216
    ],
    [
      0.2455546147332769,
      0.9408037547667938,
      0.0,
      0.551255230125523,
      0.8448331713637837
    ],
    [
      0.5936842105263158,
      0.9591583801700533,
      0.044444444444444446,
      0.5400624349635796,
      0.851226505256451
    ],
    [
      0.2945139557266602,
      0.9611703503578306,
      0.0,
      0.6679973386560213,
      0.9055258467023173
    ],
    [
      0.5230202578268877,
      0.9662394140535592,
      0.0,
      0.5931344963421497,
      0.8994243142566881
    ],
    [
      0.7376623376623377,
      0.9742586607699723,
      0.011428571428571429,
      0.610011641443539,
      0.9074889867841409
    ],
    [
      0.5164644714038128,
      0.9764386044404169,
      0.0,
      0.7029569892473119,
      0.9003844809507165
    ],
    [
      0.5753424657534246,
      0.9626138682146038,
      0.0,
      0.5522540983606558,
      0.8846931894807822
    ],
    [
      0.4193061840120664,
      0.9580050220798337,
      0.0,
      0.5887691435053886,
      0.880466472303207
    ],
    [
      0.5094664371772806,
      0.9754342220836993,
      0.0,
      0.6874172185430464,
      0.9135364989369241
    ],
    [
      0.4745222929936306,
      0.9642980140052807,
      0.0,
      0.5971830985915493,
      0.911864406779661
    ]
  ]
}