{
  "train_loss": [
    0.9871666156038453
  ],
  "val_loss": [
    0.695111645758152
  ],
  "val_acc": [
    0.8925911212632833
  ]
}